{"cameraMode":{"drawMode":0,"name":"Shaded","section":"Shading Mode"},"sceneLighting":true,"audioPlay":false,"sceneViewState":{"m_AlwaysRefresh":false,"showFog":true,"showSkybox":true,"showFlares":true,"showImageEffects":true,"showParticleSystems":true,"showVisualEffectGraphs":true,"m_FxEnabled":true},"in2DMode":false,"pivot":{"x":0.6189379096031189,"y":1.747233510017395,"z":-0.4429490566253662},"rotation":{"x":0.22344988584518434,"y":-0.12966324388980866,"z":0.030029723420739175,"w":0.9656579494476318},"size":1.5073950290679932,"orthographic":false}