{"cameraMode":{"drawMode":2,"name":"Shaded Wireframe","section":"Shading Mode"},"sceneLighting":true,"audioPlay":false,"sceneViewState":{"m_AlwaysRefresh":false,"showFog":true,"showSkybox":true,"showFlares":true,"showImageEffects":true,"showParticleSystems":true,"showVisualEffectGraphs":true,"m_FxEnabled":true},"in2DMode":false,"pivot":{"x":25.134065628051759,"y":-0.7970104813575745,"z":20.418752670288087},"rotation":{"x":0.011632675305008889,"y":0.43387848138809206,"z":-0.004237383604049683,"w":0.9018633365631104},"size":16.41303253173828,"orthographic":false}